department,year,yield,area,production
Ain,2003,5.3,24021.0,127311.3
Ain,2004,8.0,28533.0,228264.0
Ain,2005,6.8,27039.0,183865.2
Ain,2006,7.2,31555.0,227196.0
Ain,2007,6.2,32065.0,198803.0
Ain,2008,6.3,32075.0,202072.5
Ain,2009,7.0,26620.0,186340.0
Ain,2010,7.2,33237.0,239306.4
Ain,2011,7.0,32300.0,226100.0
Ain,2012,6.7,34100.0,228470.0
Ain,2013,6.2,33680.0,208816.0
Ain,2014,7.2,29780.0,214416.0
Ain,2015,7.2,33600.0,241920.0
Ain,2017,7.4,32300.0,239020.0
Ain,2018,6.7,34650.0,232155.0
Aisne,2003,7.5,171113.0,1283347.5
Aisne,2004,9.2,174604.0,1606356.8
Aisne,2005,8.1,177115.0,1434631.5
Aisne,2006,8.0,176773.0,1414184.0
Aisne,2007,7.6,175630.0,1334788.0
Aisne,2008,8.5,184572.0,1568862.0
Aisne,2009,9.0,173250.0,1559250.0
Aisne,2010,8.37127,176913.0,1480987.2
Aisne,2011,8.2,186197.0,1526815.4
Aisne,2012,8.12438,182094.0,1479400.5
Aisne,2013,9.1,185161.0,1684965.1
Aisne,2014,9.3,187800.0,1746540.0
Aisne,2017,8.4,181700.0,1526280.0
Aisne,2018,8.2,178530.0,1463946.0
Allier,2003,4.5,41531.0,186889.5
Allier,2004,6.6,45500.0,300300.0
Allier,2005,5.9,43500.0,256650.0
Allier,2006,6.0,44000.0,264000.0
Allier,2007,5.1,43000.0,219300.0
Allier,2008,5.6,45600.0,255360.0
Allier,2009,6.8,42700.0,290360.0
Allier,2010,6.5,47300.0,307450.0
Allier,2011,5.3,46300.0,245390.0
Allier,2012,6.5,48200.0,313300.0
Allier,2013,6.4,48800.0,312320.0
Allier,2014,6.5,47900.0,311350.0
Allier,2015,6.2,49300.0,305660.0
Allier,2016,5.2,54500.0,283400.0
Allier,2017,6.05,49900.0,301895.0
Allier,2018,6.0,48300.0,289800.0
Alpes_de_Haute_Provence,2003,2.8,1222.0,3421.6
Alpes_de_Haute_Provence,2004,3.3,1024.0,3379.2
Alpes_de_Haute_Provence,2005,3.5,1030.0,3605.0
Alpes_de_Haute_Provence,2006,3.2,1192.0,3814.4
Alpes_de_Haute_Provence,2007,3.9,1792.0,6988.8
Alpes_de_Haute_Provence,2008,4.0,1841.0,7364.0
Alpes_de_Haute_Provence,2009,3.5,1730.0,6055.0
Alpes_de_Haute_Provence,2010,3.3,1773.0,5850.9
Alpes_de_Haute_Provence,2011,3.6,2521.0,9075.6
Alpes_de_Haute_Provence,2012,4.0,2469.0,9876.0
Alpes_de_Haute_Provence,2013,4.0,2720.0,10880.0
Alpes_de_Haute_Provence,2014,3.4,3009.0,10230.6
Alpes_de_Haute_Provence,2015,2.9,2982.0,8647.8
Alpes_de_Haute_Provence,2016,3.98,2269.0,9030.62
Alpes_de_Haute_Provence,2017,3.6,2005.0,7218.0
Alpes_de_Haute_Provence,2018,3.38,1533.0,5181.54
Alpes_Maritimes,2004,4.0,65.0,260.0
Alpes_Maritimes,2005,4.0,65.0,260.0
Alpes_Maritimes,2006,4.0,15.0,60.0
Alpes_Maritimes,2007,3.5,10.0,35.0
Alpes_Maritimes,2008,4.1,15.0,61.5
Alpes_Maritimes,2009,4.1,3.0,12.3
Alpes_Maritimes,2011,3.8,14.0,53.2
Alpes_Maritimes,2012,4.0,10.0,40.0
Alpes_Maritimes,2013,3.8,8.0,30.4
Alpes_Maritimes,2014,4.0,5.0,20.0
Alpes_Maritimes,2015,4.0,8.0,32.0
Alpes_Maritimes,2016,4.2,8.0,33.6
Alpes_Maritimes,2018,4.0,9.0,36.0
Ardeche,2004,3.5,3304.0,11564.0
Ardeche,2005,3.5,3331.0,11658.5
Ardeche,2006,3.5,2833.0,9915.5
Ardeche,2007,3.5,2856.0,9996.0
Ardeche,2008,4.0,3199.0,12796.0
Ardeche,2009,3.0,2451.0,7353.0
Ardeche,2010,4.0,2849.0,11396.0
Ardeche,2011,3.0,2700.0,8100.0
Ardeche,2012,3.6,2830.0,10188.0
Ardeche,2013,4.0,2760.0,11040.0
Ardeche,2014,3.0,2760.0,8280.0
Ardeche,2015,2.8,2370.0,6636.0
Ardeche,2016,3.8,2420.0,9196.0
Ardeche,2017,3.9,1900.0,7410.0
Ardeche,2018,3.8,1970.0,7486.0
Ardennes,2003,7.0,59565.0,416955.0
Ardennes,2004,8.7,60888.0,529725.6
Ardennes,2005,7.7,61261.0,471709.7
Ardennes,2006,7.5,60632.0,454740.0
Ardennes,2007,6.9,58268.0,402049.2
Ardennes,2008,7.5,60160.0,451200.0
Ardennes,2009,8.1,56986.0,461586.6
Ardennes,2010,7.81,62346.0,486922.3
Ardennes,2011,7.98,62960.0,502420.8
Ardennes,2012,7.07,58100.0,410767.0
Ardennes,2013,7.87,62850.0,494629.5
Ardennes,2014,9.0,63090.0,567179.1
Ardennes,2015,9.2,65070.0,597993.3
Ardennes,2017,7.9,64500.0,509550.0
Ardennes,2018,7.8,64500.0,503100.0
Ariege,2003,4.4,5658.0,24895.2
Ariege,2004,5.0,6239.0,31195.0
Ariege,2005,5.0,5976.0,29880.0
Ariege,2006,5.0,5912.0,29560.0
Ariege,2007,3.9,6055.0,23614.5
Ariege,2008,4.7,7452.0,35024.4
Ariege,2009,4.3,5223.0,22458.9
Ariege,2010,5.3,7050.0,37365.0
Ariege,2011,4.7,7274.0,34187.8
Ariege,2012,5.69996,7669.0,43713.0
Ariege,2013,5.1,8379.0,42732.9
Ariege,2014,5.1,8370.0,42687.0
Ariege,2015,5.3,9000.0,47700.0
Ariege,2016,5.5,8460.0,46530.0
Ariege,2017,4.8,7600.0,36480.0
Aube,2003,6.8,98182.0,667637.6
Aube,2004,8.9,105917.0,942661.3
Aube,2005,8.3,109301.0,907198.3
Aube,2006,7.8,107829.0,841066.2
Aube,2007,7.8,108731.0,848101.8
Aube,2008,7.3,110770.0,808621.0
Aube,2009,8.3,106305.0,882331.5
Aube,2010,7.76,113013.0,876980.9
Aube,2011,7.46,111145.0,829141.7
Aube,2012,7.55,94020.0,709851.0
Aube,2013,7.687,112550.0,865171.9
Aube,2014,8.3,105070.0,872081.0
Aube,2015,8.9,111790.0,991577.3
Aube,2017,7.55,106500.0,804075.0
Aube,2018,7.8,106500.0,830700.0
Aude,2003,4.5,1400.0,6300.0
Aude,2004,5.0,1300.0,6500.0
Aude,2005,4.6,1075.0,4945.0
Aude,2006,4.2,1340.0,5628.0
Aude,2007,4.6,1630.0,7498.0
Aude,2008,5.0,2795.0,13975.0
Aude,2009,4.2,1960.0,8232.0
Aude,2010,4.84375,2240.0,10850.0
Aude,2011,4.5,3750.0,16875.0
Aude,2012,5.7,3770.0,21489.0
Aude,2013,5.8,6600.0,38280.0
Aude,2014,6.0,9300.0,55800.0
Aude,2015,5.2,6980.0,36296.0
Aude,2016,5.3,4980.0,26394.0
Aude,2017,5.3,4870.0,25811.0
Aude,2018,4.2,5080.0,21336.0
Aveyron,2003,4.0,10767.0,43068.0
Aveyron,2004,5.0,11251.0,56255.0
Aveyron,2005,4.9,10610.0,51989.0
Aveyron,2006,3.8,9805.0,37259.0
Aveyron,2007,3.9,8817.0,34386.3
Aveyron,2008,4.8,10755.0,51624.0
Aveyron,2009,5.0,10276.0,51380.0
Aveyron,2010,5.0,11150.0,55750.0
Aveyron,2011,4.2998,10479.0,45057.6
Aveyron,2012,5.35002,10688.0,57181.0
Aveyron,2013,4.5,12065.0,54292.5
Aveyron,2014,4.6,13000.0,59800.0
Aveyron,2015,4.9,13960.0,68404.0
Aveyron,2016,4.9,15375.0,75337.5
Aveyron,2017,4.7,15810.0,74307.0
Aveyron,2018,4.0,16140.0,64560.0
Bas_Rhin,2004,8.3,22515.0,186874.5
Bas_Rhin,2005,7.4,23419.0,173300.6
Bas_Rhin,2006,7.3,24624.0,179755.2
Bas_Rhin,2007,6.6,25929.0,171131.4
Bas_Rhin,2008,7.3,28287.0,206495.1
Bas_Rhin,2009,7.7,27941.0,215145.7
Bas_Rhin,2010,7.2,30199.0,217432.8
Bas_Rhin,2011,6.7,30150.0,202005.0
Bas_Rhin,2012,6.8,20200.0,137360.0
Bas_Rhin,2013,7.2,30200.0,217440.0
Bas_Rhin,2017,7.8,30300.0,236340.0
Bas_Rhin,2018,7.2,30900.0,222480.0
Bouches_du_Rhone,2003,2.8,387.0,1083.6
Bouches_du_Rhone,2004,3.2,258.0,825.6
Bouches_du_Rhone,2005,3.4,277.0,941.8
Bouches_du_Rhone,2006,3.2,335.0,1072.0
Bouches_du_Rhone,2007,3.3,335.0,1105.5
Bouches_du_Rhone,2008,4.2,349.0,1465.8
Bouches_du_Rhone,2009,4.2,239.0,1003.8
Bouches_du_Rhone,2010,4.2,358.0,1503.6
Bouches_du_Rhone,2011,3.9,550.0,2145.0
Bouches_du_Rhone,2012,3.6,661.0,2379.6
Bouches_du_Rhone,2013,4.0,1369.0,5476.0
Bouches_du_Rhone,2014,3.3,1545.0,5098.5
Bouches_du_Rhone,2015,4.0,1561.0,6244.0
Bouches_du_Rhone,2016,3.91,1002.0,3917.82
Bouches_du_Rhone,2017,3.7,1000.0,3700.0
Bouches_du_Rhone,2018,3.8,1003.0,3811.4
Calvados,2003,8.1,72679.0,588699.9
Calvados,2004,8.6,77544.0,666878.4
Calvados,2005,7.7,79217.0,609970.9
Calvados,2006,7.6,77812.0,591371.2
Calvados,2008,8.4,85095.0,714798.0
Calvados,2009,8.2,79642.0,653064.4
Calvados,2010,8.1,79820.0,646542.0
Calvados,2011,7.7,85490.0,658273.0
Calvados,2012,7.9,86300.0,681770.0
Calvados,2013,8.3,82000.0,680600.0
Calvados,2014,8.2,87000.0,713400.0
Calvados,2015,8.6,86990.0,748114.0
Calvados,2017,8.2,82700.0,678140.0
Calvados,2018,7.2,83040.0,597888.0
Cantal,2004,5.5,4700.0,25850.0
Cantal,2005,5.6,5000.0,28000.0
Cantal,2006,4.5,4500.0,20250.0
Cantal,2007,5.0,4000.0,20000.0
Cantal,2008,5.2,4900.0,25480.0
Cantal,2009,5.7,4900.0,27930.0
Cantal,2010,5.8,4800.0,27840.0
Cantal,2011,4.7,4500.0,21150.0
Cantal,2012,5.6,4500.0,25200.0
Cantal,2013,5.7,4800.0,27360.0
Cantal,2014,6.0,5050.0,30300.0
Cantal,2015,5.8,5100.0,29580.0
Cantal,2016,5.5,4800.0,26400.0
Cantal,2017,4.6,4650.0,21390.0
Cantal,2018,4.5,4600.0,20700.0
Charente,2003,5.5,55591.0,305750.5
Charente,2004,6.2,60906.0,377617.2
Charente,2005,5.7,62253.0,354842.1
Charente,2006,6.0,60830.0,364980.0
Charente,2007,5.5,59477.0,327123.5
Charente,2008,6.1,64471.0,393273.1
Charente,2009,6.1,57771.0,352403.1
Charente,2010,5.6,61466.0,344209.6
Charente,2012,6.6,66480.0,438768.0
Charente,2013,6.4,65070.0,416448.0
Charente,2014,6.1,61500.0,375150.0
Charente,2015,6.6,63350.0,418110.0
Charente,2016,5.8,63740.0,369692.0
Charente,2017,6.0,61700.0,370200.0
Charente,2018,6.0,60200.0,361200.0
Charente_Maritime,2003,6.7,83970.0,562599.0
Charente_Maritime,2004,6.9,91956.0,634496.4
Charente_Maritime,2005,6.9,91945.0,634420.5
Charente_Maritime,2006,6.3,89436.0,563446.8
Charente_Maritime,2007,6.0,87627.0,525762.0
Charente_Maritime,2008,6.6,96308.0,635632.8
Charente_Maritime,2009,6.8,82511.0,561074.8
Charente_Maritime,2010,6.0,87496.0,524976.0
Charente_Maritime,2012,7.4,96200.0,711880.0
Charente_Maritime,2013,7.0,95330.0,667310.0
Charente_Maritime,2014,6.9,97650.0,673785.0
Charente_Maritime,2015,7.2,96090.0,691848.0
Charente_Maritime,2016,6.7,88500.0,592950.0
Charente_Maritime,2017,6.5,87050.0,565825.0
Charente_Maritime,2018,6.4,85300.0,545920.0
Cher,2003,5.3,106249.0,563119.7
Cher,2004,7.0,112095.0,784665.0
Cher,2005,6.4,109764.0,702489.6
Cher,2006,6.2,104817.0,649865.4
Cher,2007,5.9,106804.0,630143.6
Cher,2008,6.2,110222.0,683376.4
Cher,2009,6.7,104945.0,703131.5
Cher,2010,6.4,105750.0,676800.0
Cher,2011,5.7,105300.0,600210.0
Cher,2012,6.9,104500.0,721050.0
Cher,2013,6.8,108600.0,738480.0
Cher,2014,6.9,100070.0,690483.0
Cher,2015,7.0,107175.0,750225.0
Cher,2017,6.65,106120.0,705698.0
Cher,2018,6.5,96265.0,625722.5
Correze,2003,4.5,1571.0,7069.5
Correze,2004,5.5,1755.0,9652.5
Correze,2005,5.4,1891.0,10211.4
Correze,2006,5.3,2139.0,11336.7
Correze,2008,5.0,2433.0,12165.0
Correze,2009,6.0,2586.0,15516.0
Correze,2010,5.0,2350.0,11750.0
Correze,2011,5.2,2280.0,11856.0
Correze,2012,5.5,2300.0,12650.0
Correze,2013,5.0,2750.0,13750.0
Correze,2014,5.8,2850.0,16530.0
Correze,2015,6.0,2400.0,14400.0
Correze,2017,5.3,3544.0,18783.2
Correze,2018,4.8,3350.0,16080.0
Corse_du_Sud,2016,3.0,3.0,9.0
Corse_du_Sud,2017,3.5,3.0,10.5
Corse_du_Sud,2018,3.5,3.0,10.5
Cote_d_Or,2004,7.5,99000.0,742500.0
Cote_d_Or,2005,6.7,99000.0,663300.0
Cote_d_Or,2006,6.5,100000.0,650000.0
Cote_d_Or,2007,6.0,101000.0,606000.0
Cote_d_Or,2008,6.3,103000.0,648900.0
Cote_d_Or,2009,7.1,96400.0,684440.0
Cote_d_Or,2010,6.7,101400.0,679380.0
Cote_d_Or,2011,6.3,100800.0,635040.0
Cote_d_Or,2012,6.5,89600.0,582400.0
Cote_d_Or,2013,6.6,101700.0,671220.0
Cote_d_Or,2014,5.7,98800.0,563160.0
Cote_d_Or,2015,7.0,103200.0,722400.0
Cote_d_Or,2017,6.65,100300.0,666995.0
Cote_d_Or,2018,6.6,99700.0,658020.0
Cotes_d_Armor,2003,7.4,85218.0,630613.2
Cotes_d_Armor,2004,7.7,89898.0,692214.6
Cotes_d_Armor,2005,7.4,90609.0,670506.6
Cotes_d_Armor,2006,7.4,89352.0,661204.8
Cotes_d_Armor,2008,7.3,90761.0,662555.3
Cotes_d_Armor,2009,7.4,88344.0,653745.6
Cotes_d_Armor,2010,7.1,88851.0,630842.1
Cotes_d_Armor,2011,7.8,89800.0,700440.0
Cotes_d_Armor,2012,6.8,91350.0,621180.0
Cotes_d_Armor,2013,7.4,89580.0,662892.0
Cotes_d_Armor,2014,7.5,91310.0,684825.0
Cotes_d_Armor,2015,7.8,89200.0,695760.0
Cotes_d_Armor,2016,7.05,91000.0,641550.0
Cotes_d_Armor,2017,8.13,89300.0,726009.0
Cotes_d_Armor,2018,6.76,90000.0,608400.0
Creuse,2003,4.1,10492.0,43017.2
Creuse,2004,5.8,10320.0,59856.0
Creuse,2005,5.3,10148.0,53784.4
Creuse,2006,5.6,10534.0,58990.4
Creuse,2007,4.4,9901.0,43564.4
Creuse,2008,5.2,10340.0,53768.0
Creuse,2009,6.2,10268.0,63661.6
Creuse,2010,5.2,9900.0,51480.0
Creuse,2011,5.7,9700.0,55290.0
Creuse,2012,5.6,10230.0,57288.0
Creuse,2013,5.2,10780.0,56056.0
Creuse,2014,6.0,10600.0,63600.0
Creuse,2015,6.0,12000.0,72000.0
Creuse,2017,5.3,11900.0,63070.0
Creuse,2018,4.8,12100.0,58080.0
Deux_Sevres,2003,6.3,93830.0,591129.0
Deux_Sevres,2004,6.8,100042.0,680285.6
Deux_Sevres,2005,6.9,102054.0,704172.6
Deux_Sevres,2006,6.3,99563.0,627246.9
Deux_Sevres,2007,5.9,98573.0,581580.7
Deux_Sevres,2008,6.6,107611.0,710232.6
Deux_Sevres,2009,6.9,101617.0,701157.3
Deux_Sevres,2010,6.2,104110.0,645482.0
Deux_Sevres,2011,5.3,104450.0,553585.0
Deux_Sevres,2012,7.3,104050.0,759565.0
Deux_Sevres,2013,6.7,98950.0,662965.0
Deux_Sevres,2014,7.0,106450.0,745150.0
Deux_Sevres,2015,7.0,108900.0,762300.0
Deux_Sevres,2016,5.6,107650.0,602840.0
Deux_Sevres,2017,6.5,103950.0,675675.0
Deux_Sevres,2018,6.5,101890.0,662285.0
Dordogne,2003,4.5,21000.0,94500.0
Dordogne,2004,5.5,24000.0,132000.0
Dordogne,2005,5.3,24299.0,128784.7
Dordogne,2006,5.0,25499.0,127495.0
Dordogne,2007,4.4,26499.0,116595.6
Dordogne,2008,4.9,29599.0,145035.1
Dordogne,2009,5.0,21499.0,107495.0
Dordogne,2010,5.7,23999.0,136794.3
Dordogne,2012,6.0,26500.0,159000.0
Dordogne,2013,5.5,27300.0,150150.0
Dordogne,2014,5.1,26250.0,133875.0
Dordogne,2015,5.5,28275.0,155512.5
Dordogne,2016,4.9,29400.0,144060.0
Dordogne,2017,5.4,27480.0,148392.0
Dordogne,2018,5.1,26615.0,135736.5
Doubs,2003,4.8,7334.0,35203.2
Doubs,2004,7.1,8049.0,57147.9
Doubs,2005,6.1,7961.0,48562.1
Doubs,2006,6.0,8478.0,50868.0
Doubs,2007,5.2,8359.0,43466.8
Doubs,2008,6.0,8777.0,52662.0
Doubs,2009,6.7,8354.0,55971.8
Doubs,2010,6.4,8682.0,55564.8
Doubs,2011,6.2,7960.0,49352.0
Doubs,2012,6.0,8190.0,49140.0
Doubs,2013,5.9,8230.0,48557.0
Doubs,2014,6.7,7920.0,53064.0
Doubs,2015,6.7,8800.0,58960.0
Doubs,2017,6.51,8000.0,52080.0
Doubs,2018,5.87,7400.0,43438.0
Drome,2003,4.1,17920.0,73472.0
Drome,2004,5.6,22834.0,127870.4
Drome,2005,5.2,22943.0,119303.6
Drome,2006,5.4,21849.0,117984.6
Drome,2007,5.3,22459.0,119032.7
Drome,2008,5.3,25075.0,132897.5
Drome,2009,4.7,20329.0,95546.3
Drome,2010,5.8,23237.0,134774.6
Drome,2011,5.3,23230.0,123119.0
Drome,2012,6.3,23000.0,144900.0
Drome,2013,6.0,23860.0,143160.0
Drome,2014,5.3,22570.0,119621.0
Drome,2015,5.8,22630.0,131254.0
Drome,2016,6.0,22490.0,134940.0
Drome,2017,5.8,19200.0,111360.0
Drome,2018,5.1,18340.0,93534.0
Essonne,2003,6.3,36352.0,229017.6
Essonne,2004,8.3,37634.0,312362.2
Essonne,2005,7.3,38715.0,282619.5
Essonne,2006,6.6,37900.0,250140.0
Essonne,2007,7.6,36388.0,276548.8
Essonne,2008,8.3,34878.0,289487.4
Essonne,2009,8.3,33506.0,278099.8
Essonne,2010,7.6,33141.0,251871.6
Essonne,2011,6.7,34392.0,230426.4
Essonne,2012,8.2,33625.0,275725.0
Essonne,2013,8.3,34380.0,285354.0
Essonne,2014,8.5,34320.0,291720.0
Essonne,2015,8.3,34440.0,285852.0
Essonne,2017,7.5,32380.0,242850.0
Essonne,2018,7.5,31100.0,233250.0
Eure,2003,7.7,148674.0,1144789.8
Eure,2004,8.6,149233.0,1283403.8
Eure,2005,7.9,152298.0,1203154.2
Eure,2006,7.7,149460.0,1150842.0
Eure,2007,7.6,149308.0,1134740.8
Eure,2008,9.1,160702.0,1462388.2
Eure,2009,9.1,152392.0,1386767.2
Eure,2010,8.4,151040.0,1268736.0
Eure,2011,7.89998,159868.0,1262953.9
Eure,2012,8.7,157951.0,1374173.7
Eure,2013,8.6,152500.0,1311500.0
Eure,2014,8.6,157500.0,1354500.0
Eure,2015,9.3,155340.0,1444662.0
Eure,2017,8.5,148500.0,1262250.0
Eure,2018,8.2,146740.0,1203268.0
Eure_et_Loir,2004,8.4,184118.0,1546591.2
Eure_et_Loir,2005,7.8,186971.0,1458373.8
Eure_et_Loir,2006,7.4,170186.0,1259376.4
Eure_et_Loir,2007,7.5,168174.0,1261305.0
Eure_et_Loir,2008,8.1,173482.0,1405204.2
Eure_et_Loir,2009,8.3,166125.0,1378837.5
Eure_et_Loir,2010,7.8,161524.0,1259887.2
Eure_et_Loir,2011,7.2,169800.0,1222560.0
Eure_et_Loir,2012,8.2,164500.0,1348900.0
Eure_et_Loir,2013,8.1,169000.0,1368900.0
Eure_et_Loir,2014,8.5,177360.0,1507560.0
Eure_et_Loir,2015,8.6,173670.0,1493562.0
Eure_et_Loir,2017,7.95,166885.0,1326735.75
Eure_et_Loir,2018,7.7,163765.0,1260990.5
Finistere,2003,6.8,51811.0,352314.8
Finistere,2004,7.0,57122.0,399854.0
Finistere,2005,6.8,57550.0,391340.0
Finistere,2006,7.1,52120.0,370052.0
Finistere,2008,7.1,54469.0,386729.9
Finistere,2009,7.5,53216.0,399120.0
Finistere,2010,6.6,52757.0,348196.2
Finistere,2012,5.9,55200.0,325680.0
Finistere,2013,7.4,50000.0,370000.0
Finistere,2014,7.4,51500.0,381100.0
Finistere,2015,7.4,51000.0,377400.0
Finistere,2016,6.8,50500.0,343400.0
Finistere,2017,7.46,50500.0,376730.0
Finistere,2018,7.13,49600.0,353648.0
Gard,2003,2.8,487.0,1363.6
Gard,2004,3.7,525.0,1942.5
Gard,2005,3.5,567.0,1984.5
Gard,2006,3.0,605.0,1815.0
Gard,2007,4.0,605.0,2420.0
Gard,2008,4.0,1006.0,4024.0
Gard,2009,3.5,817.0,2859.5
Gard,2010,3.79821,1115.0,4235.0
Gard,2011,3.6,1550.0,5580.0
Gard,2012,3.7,2180.0,8066.0
Gard,2013,4.6,3725.0,17135.0
Gard,2014,3.1,4400.0,13640.0
Gard,2015,4.2,2990.0,12558.0
Gard,2016,4.8,2580.0,12384.0
Gard,2017,4.9,2190.0,10731.0
Gard,2018,3.7,2115.0,7825.5
Gers,2003,5.2,69081.0,359221.2
Gers,2004,6.0,78122.0,468732.0
Gers,2005,6.0,72141.0,432846.0
Gers,2006,5.9,76600.0,451940.0
Gers,2007,4.8,78415.0,376392.0
Gers,2008,5.9,85949.0,507099.1
Gers,2009,4.8,72043.0,345806.4
Gers,2010,6.2,85500.0,530100.0
Gers,2011,4.69999,87718.0,412273.3
Gers,2012,6.45,92719.0,598037.6
Gers,2013,5.5,100274.0,551507.0
Gers,2014,5.7,103000.0,587100.0
Gers,2015,5.5,100845.0,554647.5
Gers,2016,5.9,97600.0,575840.0
Gers,2017,5.7,92600.0,527820.0
Gers,2018,4.8,94100.0,451680.0
Gironde,2003,5.0,4049.0,20245.0
Gironde,2004,5.3,4574.0,24242.2
Gironde,2005,5.1,4389.0,22383.9
Gironde,2006,5.3,6353.0,33670.9
Gironde,2007,4.8,6585.0,31608.0
Gironde,2008,5.0,7232.0,36160.0
Gironde,2009,4.8,4149.0,19915.2
Gironde,2010,5.6,5208.0,29164.8
Gironde,2011,4.6,5200.0,23920.0
Gironde,2012,5.8,6000.0,34800.0
Gironde,2013,5.6,6600.0,36960.0
Gironde,2014,5.1,6110.0,31161.0
Gironde,2015,5.5,6750.0,37125.0
Gironde,2016,5.3,7280.0,38584.0
Gironde,2017,6.1,6120.0,37332.0
Gironde,2018,5.2,6400.0,33280.0
Haut_Rhin,2004,8.0,17491.0,139928.0
Haut_Rhin,2005,7.0,14818.0,103726.0
Haut_Rhin,2006,6.8,14589.0,99205.2
Haut_Rhin,2007,6.4,14309.0,91577.6
Haut_Rhin,2008,7.0,16206.0,113442.0
Haut_Rhin,2009,7.4,15258.0,112909.2
Haut_Rhin,2010,7.2,16969.0,122176.8
Haut_Rhin,2011,8.1,18290.0,148149.0
Haut_Rhin,2012,7.1,15300.0,108630.0
Haut_Rhin,2013,7.4,17600.0,130240.0
Haut_Rhin,2017,7.7,17000.0,130900.0
Haut_Rhin,2018,7.5,17300.0,129750.0
Haute_Corse,2003,1.8,92.0,165.6
Haute_Corse,2004,3.5,106.0,371.0
Haute_Corse,2005,3.5,74.0,259.0
Haute_Corse,2006,3.5,80.0,280.0
Haute_Corse,2007,3.5,99.0,346.5
Haute_Corse,2008,3.0,102.0,306.0
Haute_Corse,2009,3.0,70.0,210.0
Haute_Corse,2010,3.0,72.0,216.0
Haute_Corse,2011,3.0,80.0,240.0
Haute_Corse,2012,3.5,65.0,227.5
Haute_Corse,2013,3.5,120.0,420.0
Haute_Corse,2014,3.5,130.0,455.0
Haute_Corse,2015,3.5,105.0,367.5
Haute_Corse,2016,3.0,75.0,225.0
Haute_Corse,2017,3.5,70.0,245.0
Haute_Corse,2018,3.5,60.0,210.0
Haute_Garonne,2003,4.9,25665.0,125758.5
Haute_Garonne,2004,5.8,31891.0,184967.8
Haute_Garonne,2005,5.4,27294.0,147387.6
Haute_Garonne,2006,5.2,30359.0,157866.8
Haute_Garonne,2007,4.5,31552.0,141984.0
Haute_Garonne,2008,5.7,38199.0,217734.3
Haute_Garonne,2009,4.5,26041.0,117184.5
Haute_Garonne,2010,5.6,39100.0,218960.0
Haute_Garonne,2011,4.80003,40802.0,195850.7
Haute_Garonne,2012,6.3,42227.0,266030.1
Haute_Garonne,2013,5.2,49066.0,255143.2
Haute_Garonne,2014,5.2,53000.0,275600.0
Haute_Garonne,2015,5.7,50400.0,287280.0
Haute_Garonne,2016,6.0,45170.0,271020.0
Haute_Garonne,2017,5.9,42000.0,247800.0
Haute_Garonne,2018,4.3,43110.0,185373.0
Haute_Loire,2004,5.2,12500.0,65000.0
Haute_Loire,2005,5.2,12850.0,66820.0
Haute_Loire,2006,4.8,11600.0,55680.0
Haute_Loire,2007,5.2,11500.0,59800.0
Haute_Loire,2008,5.2,13800.0,71760.0
Haute_Loire,2009,5.0,13000.0,65000.0
Haute_Loire,2010,5.8,13600.0,78880.0
Haute_Loire,2011,4.8,13200.0,63360.0
Haute_Loire,2012,5.4,13500.0,72900.0
Haute_Loire,2013,5.5,14000.0,77000.0
Haute_Loire,2014,5.2,14200.0,73840.0
Haute_Loire,2015,5.0,14450.0,72250.0
Haute_Loire,2016,5.7,14300.0,81510.0
Haute_Loire,2017,4.8,14100.0,67680.0
Haute_Loire,2018,5.0,13200.0,66000.0
Haute_Marne,2003,5.1,60801.0,310085.1
Haute_Marne,2004,7.3,60416.0,441036.8
Haute_Marne,2005,6.4,59029.0,377785.6
Haute_Marne,2006,6.5,60423.0,392749.5
Haute_Marne,2007,6.1,60352.0,368147.2
Haute_Marne,2008,6.4,63703.0,407699.2
Haute_Marne,2009,7.4,61871.0,457845.4
Haute_Marne,2010,6.52,64947.0,423454.4
Haute_Marne,2011,6.42,64525.0,414250.5
Haute_Marne,2012,6.19,44750.0,277002.5
Haute_Marne,2013,6.806,64800.0,441028.8
Haute_Marne,2014,6.0,56560.0,338228.8
Haute_Marne,2015,7.3,65830.0,481217.3
Haute_Marne,2017,6.15,65000.0,399750.0
Haute_Marne,2018,6.5,65700.0,427050.0
Haute_Saone,2003,5.5,32391.0,178150.5
Haute_Saone,2004,8.0,34988.0,279904.0
Haute_Saone,2005,6.7,33885.0,227029.5
Haute_Saone,2006,6.7,36181.0,242412.7
Haute_Saone,2007,6.0,36877.0,221262.0
Haute_Saone,2008,6.2,38123.0,236362.6
Haute_Saone,2009,7.0,35772.0,250404.0
Haute_Saone,2010,7.0,39316.0,275212.0
Haute_Saone,2011,6.6,38405.0,253473.0
Haute_Saone,2012,6.1,36450.0,222345.0
Haute_Saone,2013,6.3,37760.0,237888.0
Haute_Saone,2014,6.5,35945.0,233642.5
Haute_Saone,2015,7.0,39005.0,273035.0
Haute_Saone,2017,6.9,37250.0,257025.0
Haute_Saone,2018,6.1,37300.0,227530.0
Haute_Savoie,2003,5.3,3815.0,20219.5
Haute_Savoie,2004,7.0,4272.0,29904.0
Haute_Savoie,2005,6.5,4227.0,27475.5
Haute_Savoie,2006,6.0,4132.0,24792.0
Haute_Savoie,2007,5.8,4036.0,23408.8
Haute_Savoie,2008,4.8,4547.0,21825.6
Haute_Savoie,2009,6.5,4178.0,27157.0
Haute_Savoie,2011,6.7,3300.0,22110.0
Haute_Savoie,2012,6.5,3700.0,24050.0
Haute_Savoie,2013,6.3,3950.0,24885.0
Haute_Savoie,2014,6.4,3410.0,21824.0
Haute_Savoie,2015,7.0,4010.0,28007.6
Haute_Savoie,2016,6.5,4300.0,27950.0
Haute_Savoie,2017,6.8,4010.0,27268.0
Haute_Savoie,2018,6.6,4070.0,26862.0
Haute_Vienne,2003,4.5,9796.0,44082.0
Haute_Vienne,2004,5.6,10221.0,57237.6
Haute_Vienne,2005,5.8,10881.0,63109.8
Haute_Vienne,2006,5.4,10998.0,59389.2
Haute_Vienne,2007,4.2,10131.0,42550.2
Haute_Vienne,2008,5.2,12615.0,65598.0
Haute_Vienne,2009,5.7,12073.0,68816.1
Haute_Vienne,2010,4.8,10100.0,48480.0
Haute_Vienne,2011,5.2,10300.0,53560.0
Haute_Vienne,2012,5.2,11200.0,58240.0
Haute_Vienne,2013,5.0,12100.0,60500.0
Haute_Vienne,2014,5.8,12200.0,70760.0
Haute_Vienne,2015,6.0,13300.0,79800.0
Haute_Vienne,2016,3.9,14495.0,56530.5
Haute_Vienne,2017,5.4,13160.0,71064.0
Haute_Vienne,2018,4.7,12500.0,58750.0
Hautes_Alpes,2003,3.5,2535.0,8872.5
Hautes_Alpes,2004,3.7,2217.0,8202.9
Hautes_Alpes,2005,3.1,2020.0,6262.0
Hautes_Alpes,2006,3.5,1821.0,6373.5
Hautes_Alpes,2007,4.0,1832.0,7328.0
Hautes_Alpes,2008,4.0,2070.0,8280.0
Hautes_Alpes,2009,4.1,2326.0,9536.6
Hautes_Alpes,2010,4.1,2270.0,9307.0
Hautes_Alpes,2011,3.5,2460.0,8610.0
Hautes_Alpes,2012,4.0,2525.0,10100.0
Hautes_Alpes,2013,4.0,2752.0,11008.0
Hautes_Alpes,2014,4.5,2829.0,12730.5
Hautes_Alpes,2015,4.6,3117.0,14338.2
Hautes_Alpes,2016,4.61,3118.0,14373.98
Hautes_Alpes,2017,3.71,2883.0,10695.93
Hautes_Alpes,2018,3.24,2141.0,6936.84
Hautes_pyrenees,2003,4.0,2741.0,10964.0
Hautes_pyrenees,2004,5.5,4481.0,24645.5
Hautes_pyrenees,2005,5.8,4726.0,27410.8
Hautes_pyrenees,2006,6.0,5665.0,33990.0
Hautes_pyrenees,2007,4.8,6423.0,30830.4
Hautes_pyrenees,2008,5.9,6228.0,36745.2
Hautes_pyrenees,2009,4.8,3973.0,19070.4
Hautes_pyrenees,2010,6.1,5300.0,32330.0
Hautes_pyrenees,2011,4.8,4839.0,23227.2
Hautes_pyrenees,2012,6.5,5412.0,35178.0
Hautes_pyrenees,2013,5.0,5719.0,28595.0
Hautes_pyrenees,2014,5.1,5151.0,26270.1
Hautes_pyrenees,2015,5.0,5600.0,28000.0
Hautes_pyrenees,2016,5.9,6000.0,35400.0
Hautes_pyrenees,2017,6.1,5550.0,33855.0
Hautes_pyrenees,2018,4.3,6070.0,26101.0
Herault,2003,3.4,400.0,1360.0
Herault,2004,4.20968,310.0,1305.0
Herault,2005,3.5,310.0,1085.0
Herault,2006,2.8,330.0,924.0
Herault,2007,4.3,540.0,2322.0
Herault,2008,3.4,640.0,2176.0
Herault,2009,3.4,590.0,2006.0
Herault,2010,3.79729,700.0,2658.1
Herault,2011,3.80488,820.0,3120.0
Herault,2012,3.8,960.0,3648.0
Herault,2013,4.5,1735.0,7807.5
Herault,2014,2.2,1810.0,3982.0
Herault,2015,3.7,2010.0,7437.0
Herault,2016,2.8,1820.0,5096.0
Herault,2017,4.7,2090.0,9823.0
Herault,2018,3.5,2590.0,9065.0
Ille_et_Vilaine,2003,6.9,84306.0,581711.4
Ille_et_Vilaine,2004,7.7,89021.0,685461.7
Ille_et_Vilaine,2005,7.0,92724.0,649068.0
Ille_et_Vilaine,2006,7.3,89519.0,653488.7
Ille_et_Vilaine,2007,6.1,89275.0,544577.5
Ille_et_Vilaine,2008,7.4,95880.0,709512.0
Ille_et_Vilaine,2009,7.8,91617.0,714612.6
Ille_et_Vilaine,2010,7.7,92924.0,715514.8
Ille_et_Vilaine,2011,7.90319,94070.0,743453.0
Ille_et_Vilaine,2012,7.5,94840.0,711300.0
Ille_et_Vilaine,2013,7.7,95000.0,731500.0
Ille_et_Vilaine,2014,7.6,96371.0,732419.6
Ille_et_Vilaine,2015,8.0,97400.0,779200.0
Ille_et_Vilaine,2016,6.9,98000.0,676200.0
Ille_et_Vilaine,2017,8.03,94600.0,759638.0
Ille_et_Vilaine,2018,6.64,94500.0,627480.0
Indre,2003,5.5,112604.0,619322.0
Indre,2004,6.8,115536.0,785644.8
Indre,2005,6.4,114311.0,731590.4
Indre,2006,6.2,111028.0,688373.6
Indre,2007,5.7,112662.0,642173.4
Indre,2008,6.1,113309.0,691184.9
Indre,2009,6.6,103724.0,684578.4
Indre,2010,6.5,106625.0,693062.5
Indre,2011,5.6,107300.0,600880.0
Indre,2012,6.8,107500.0,731000.0
Indre,2013,6.4,100700.0,644480.0
Indre,2014,6.8,102380.0,696184.0
Indre,2015,7.0,104970.0,734790.0
Indre,2017,6.7,102665.0,687855.5
Indre,2018,6.35,100460.0,637921.0
Indre_et_Loire,2003,5.7,108290.0,617253.0
Indre_et_Loire,2004,6.7,111883.0,749616.1
Indre_et_Loire,2005,6.7,115555.0,774218.5
Indre_et_Loire,2006,6.1,111771.0,681803.1
Indre_et_Loire,2007,6.0,113509.0,681054.0
Indre_et_Loire,2008,6.6,118128.0,779644.8
Indre_et_Loire,2009,6.7,110501.0,740356.7
Indre_et_Loire,2010,6.5,110910.0,720915.0
Indre_et_Loire,2011,5.8,111700.0,647860.0
Indre_et_Loire,2012,6.9,113500.0,783150.0
Indre_et_Loire,2013,6.4,95000.0,608000.0
Indre_et_Loire,2014,6.9,104505.0,721084.5
Indre_et_Loire,2015,7.4,113900.0,842860.0
Indre_et_Loire,2017,7.1,106685.0,757463.5
Indre_et_Loire,2018,6.3,106680.0,672084.0
Isere,2004,6.1,29493.0,179907.3
Isere,2005,5.5,28513.0,156821.5
Isere,2006,5.5,28686.0,157773.0
Isere,2007,5.5,28156.0,154858.0
Isere,2008,5.9,30191.0,178126.9
Isere,2009,5.7,26589.0,151557.3
Isere,2010,6.1,30138.0,183841.8
Isere,2012,6.2,30300.0,187860.0
Isere,2013,5.9,30570.0,180363.0
Isere,2014,5.8,24260.0,140708.0
Isere,2015,6.0,28460.0,170760.0
Isere,2016,6.3,30420.0,191646.0
Isere,2017,6.7,27100.0,181570.0
Isere,2018,6.1,27630.0,168543.0
Jura,2003,5.8,15799.0,91634.2
Jura,2004,8.1,16998.0,137683.8
Jura,2005,6.9,15998.0,110386.2
Jura,2006,7.0,17897.0,125279.0
Jura,2007,6.2,17886.0,110893.2
Jura,2008,6.4,18425.0,117920.0
Jura,2009,7.3,16695.0,121873.5
Jura,2010,6.8,19294.0,131199.2
Jura,2011,6.8,18250.0,124100.0
Jura,2012,6.5,16830.0,109395.0
Jura,2013,6.3,17330.0,109179.0
Jura,2014,7.1,15235.0,108168.5
Jura,2015,7.0,18005.0,126035.0
Jura,2017,7.4,16700.0,123580.0
Jura,2018,6.4,17200.0,110080.0
Landes,2003,4.9,707.0,3464.3
Landes,2004,5.6,1216.0,6809.6
Landes,2005,5.0,2033.0,10165.0
Landes,2006,5.3,4690.0,24857.0
Landes,2007,4.7,4910.0,23077.0
Landes,2008,5.0,4823.0,24115.0
Landes,2009,4.2,1338.0,5619.6
Landes,2010,5.8,2076.0,12040.8
Landes,2011,5.6,2800.0,15680.0
Landes,2012,6.0,3100.0,18600.0
Landes,2013,5.0,3350.0,16750.0
Landes,2014,5.2,2700.0,14040.0
Landes,2015,5.5,2421.0,13315.5
Landes,2016,5.6,3420.0,19152.0
Landes,2017,6.5,3000.0,19500.0
Landes,2018,5.0,3490.0,17450.0
Loir_et_Cher,2003,5.7,85374.0,486631.8
Loir_et_Cher,2004,7.3,85395.0,623383.5
Loir_et_Cher,2005,6.9,89523.0,617708.7
Loir_et_Cher,2006,6.1,79879.0,487261.9
Loir_et_Cher,2007,6.3,80985.0,510205.5
Loir_et_Cher,2008,7.0,85944.0,601608.0
Loir_et_Cher,2009,7.4,76916.0,569178.4
Loir_et_Cher,2010,6.6,76868.0,507328.8
Loir_et_Cher,2011,6.1,82000.0,500200.0
Loir_et_Cher,2012,7.3,81500.0,594950.0
Loir_et_Cher,2013,7.0,79200.0,554400.0
Loir_et_Cher,2014,7.5,90100.0,675750.0
Loir_et_Cher,2015,7.6,88785.0,674766.0
Loir_et_Cher,2017,7.25,83670.0,606607.5
Loir_et_Cher,2018,6.9,82100.0,566490.0
Loire,2004,6.0,10526.0,63156.0
Loire,2005,6.0,9931.0,59586.0
Loire,2006,5.8,10339.0,59966.2
Loire,2007,5.8,9542.0,55343.6
Loire,2008,5.6,11055.0,61908.0
Loire,2009,4.9,8648.0,42375.2
Loire,2010,5.9,10465.0,61743.5
Loire,2011,4.4,9880.0,43472.0
Loire,2012,6.0,10000.0,60000.0
Loire,2013,5.6,10900.0,61040.0
Loire,2014,5.2,11230.0,58481.0
Loire,2015,5.2,10430.0,54236.0
Loire,2016,6.4,10580.0,67712.0
Loire,2017,5.6,10000.0,56000.0
Loire,2018,5.3,9760.0,51728.0
Loire_Atlantique,2003,6.0,42000.0,252000.0
Loire_Atlantique,2004,6.8,48000.0,326400.0
Loire_Atlantique,2005,6.7,49500.0,331650.0
Loire_Atlantique,2006,6.6,50000.0,330000.0
Loire_Atlantique,2007,4.6,50400.0,231840.0
Loire_Atlantique,2008,6.3,55149.0,347438.7
Loire_Atlantique,2009,7.0,49420.0,345940.0
Loire_Atlantique,2010,6.4,48907.0,313004.8
Loire_Atlantique,2011,5.8,48920.0,283736.0
Loire_Atlantique,2012,7.0,49798.0,348586.0
Loire_Atlantique,2013,6.3,42690.0,268947.0
Loire_Atlantique,2014,6.8,53440.0,363392.0
Loire_Atlantique,2015,7.3,57569.0,420253.7
Loire_Atlantique,2016,6.1,58760.0,358436.0
Loire_Atlantique,2017,7.1,56067.0,398075.7
Loire_Atlantique,2018,6.1,55588.0,339086.8
Loiret,2004,7.7,113914.0,877137.8
Loiret,2005,6.9,114265.0,788428.5
Loiret,2006,6.5,109454.0,711451.0
Loiret,2007,6.6,107530.0,709698.0
Loiret,2008,7.1,107887.0,765997.7
Loiret,2009,7.4,101570.0,751618.0
Loiret,2010,6.7,103859.0,695855.3
Loiret,2011,6.6,103800.0,685080.0
Loiret,2012,7.6,103500.0,786600.0
Loiret,2013,7.2,104500.0,752400.0
Loiret,2014,7.4,102000.0,754800.0
Loiret,2015,7.6,105784.0,803958.4
Loiret,2017,6.9,97440.0,672336.0
Loiret,2018,6.9,94985.0,655396.5
Lot,2003,4.2,8301.0,34864.2
Lot,2004,5.0,9201.0,46005.0
Lot,2005,4.9,9301.0,45574.9
Lot,2006,4.4,9301.0,40924.4
Lot,2007,4.0,9001.0,36004.0
Lot,2008,5.2,10682.0,55546.4
Lot,2009,4.5,8992.0,40464.0
Lot,2010,5.0,9400.0,47000.0
Lot,2011,4.00017,9082.0,36329.5
Lot,2012,5.5,10155.0,55852.5
Lot,2013,5.1,10246.0,52254.6
Lot,2014,4.8,9932.0,47673.6
Lot,2015,5.0,10810.0,54050.0
Lot,2016,4.9,10800.0,52920.0
Lot,2017,4.8,9800.0,47040.0
Lot,2018,4.2,9830.0,41286.0
Lot_et_Garonne,2003,5.8,45618.0,264584.4
Lot_et_Garonne,2004,6.4,54729.0,350265.6
Lot_et_Garonne,2005,6.8,55236.0,375604.8
Lot_et_Garonne,2006,6.4,58746.0,375974.4
Lot_et_Garonne,2007,5.1,59555.0,303730.5
Lot_et_Garonne,2008,5.5,63111.0,347110.5
Lot_et_Garonne,2009,5.2,47556.0,247291.2
Lot_et_Garonne,2010,6.7,59078.0,395822.6
Lot_et_Garonne,2011,5.5,58400.0,321200.0
Lot_et_Garonne,2012,6.8,64800.0,440640.0
Lot_et_Garonne,2013,6.0,66900.0,401400.0
Lot_et_Garonne,2014,5.2,59500.0,309400.0
Lot_et_Garonne,2015,6.0,64375.0,386250.0
Lot_et_Garonne,2016,5.7,64600.0,368220.0
Lot_et_Garonne,2017,6.5,59400.0,386100.0
Lot_et_Garonne,2018,5.6,60000.0,336000.0
Lozere,2003,3.0,1450.0,4350.0
Lozere,2004,2.8,1450.0,4060.0
Lozere,2005,3.2,1200.0,3840.0
Lozere,2006,2.7,1100.0,2970.0
Lozere,2007,4.2,1200.0,5040.0
Lozere,2008,4.8,1400.0,6720.0
Lozere,2009,4.8,1395.0,6696.0
Lozere,2010,5.50368,1304.0,7176.8
Lozere,2011,3.0,1150.0,3450.0
Lozere,2012,5.0,1200.0,6000.0
Lozere,2013,5.5,1180.0,6490.0
Lozere,2014,5.0,1320.0,6600.0
Lozere,2015,3.0,1430.0,4290.0
Lozere,2016,4.5,1710.0,7695.0
Lozere,2017,4.6,1845.0,8487.0
Lozere,2018,4.7,1655.0,7778.5
Maine_et_Loire,2003,6.3,69000.0,434700.0
Maine_et_Loire,2004,7.1,78500.0,557350.0
Maine_et_Loire,2005,6.7,82000.0,549400.0
Maine_et_Loire,2006,6.5,78000.0,507000.0
Maine_et_Loire,2007,5.4,77000.0,415800.0
Maine_et_Loire,2008,6.5,84100.0,546650.0
Maine_et_Loire,2009,7.3,80900.0,590570.0
Maine_et_Loire,2010,6.5,82408.0,535652.0
Maine_et_Loire,2011,6.3,81500.0,513450.0
Maine_et_Loire,2012,7.5,81960.0,614700.0
Maine_et_Loire,2013,6.6,74705.0,493053.0
Maine_et_Loire,2014,7.2,86464.0,622540.8
Maine_et_Loire,2015,7.5,89659.0,672442.5
Maine_et_Loire,2016,5.7,89293.0,508970.1
Maine_et_Loire,2017,7.0,85485.0,598395.0
Maine_et_Loire,2018,6.4,83492.0,534348.8
Manche,2003,7.5,31306.0,234795.0
Manche,2004,7.5,33807.0,253552.5
Manche,2005,6.6,36673.0,242041.8
Manche,2006,7.0,35111.0,245777.0
Manche,2008,7.2,37238.0,268113.6
Manche,2009,7.2,35156.0,253123.2
Manche,2010,7.4,36641.0,271143.4
Manche,2011,7.3,39030.0,284919.0
Manche,2012,6.6,43000.0,283800.0
Manche,2013,7.13,39000.0,278070.0
Manche,2014,7.1,42000.0,298200.0
Manche,2015,7.7,42500.0,327250.0
Manche,2016,6.17,43100.0,265927.0
Manche,2017,7.5,41570.0,311775.0
Manche,2018,6.7,39320.0,263444.0
Marne,2003,7.4,152241.0,1126583.4
Marne,2005,8.2,163785.0,1343037.0
Marne,2006,7.9,163442.0,1291191.8
Marne,2007,8.0,161203.0,1289624.0
Marne,2008,7.7,163332.0,1257656.4
Marne,2009,8.9,154981.0,1379330.9
Marne,2010,8.7,165279.0,1437927.3
Marne,2011,8.44,166730.0,1407201.2
Marne,2012,7.96,144820.0,1152767.2
Marne,2013,8.805,169450.0,1492007.3
Marne,2017,8.1,166500.0,1348650.0
Marne,2018,8.2,163500.0,1340700.0
Mayenne,2003,6.5,69600.0,452400.0
Mayenne,2004,7.5,76500.0,573750.0
Mayenne,2005,7.4,78500.0,580900.0
Mayenne,2006,6.9,75500.0,520950.0
Mayenne,2007,6.9,75400.0,520260.0
Mayenne,2008,7.1,83000.0,589300.0
Mayenne,2009,7.5,77700.0,582750.0
Mayenne,2010,7.0,79380.0,555660.0
Mayenne,2011,6.7,77680.0,520456.0
Mayenne,2012,7.4,79217.0,586205.8
Mayenne,2013,7.1,74950.0,532145.0
Mayenne,2014,7.7,81253.0,625648.1
Mayenne,2015,8.0,80825.0,646600.0
Mayenne,2016,6.2,82486.0,511413.2
Mayenne,2017,7.6,78860.0,599336.0
Mayenne,2018,6.4,79950.0,511680.0
Meurthe_et_Moselle,2004,7.79968,62400.0,486700.0
Meurthe_et_Moselle,2005,7.0,61200.0,428400.0
Meurthe_et_Moselle,2006,6.7,62700.0,420090.0
Meurthe_et_Moselle,2007,5.9,62300.0,367570.0
Meurthe_et_Moselle,2008,6.8,68150.0,463420.0
Meurthe_et_Moselle,2009,7.3,67100.0,489830.0
Meurthe_et_Moselle,2010,6.80029,70100.0,476700.0
Meurthe_et_Moselle,2011,6.4,66600.0,426240.0
Meurthe_et_Moselle,2012,5.47118,39900.0,218300.0
Meurthe_et_Moselle,2013,6.80851,70500.0,480000.0
Meurthe_et_Moselle,2014,6.6,54200.0,357720.0
Meurthe_et_Moselle,2015,7.3,69920.0,510416.0
Meurthe_et_Moselle,2017,5.8,69100.0,400780.0
Meurthe_et_Moselle,2018,6.5,64250.0,417625.0
Meuse,2004,8.1,68200.0,552420.0
Meuse,2005,7.2,70400.0,506880.0
Meuse,2006,7.0,71250.0,498750.0
Meuse,2007,6.9,71800.0,495420.0
Meuse,2008,7.1,77800.0,552380.0
Meuse,2009,7.7,76200.0,586740.0
Meuse,2010,7.19512,82000.0,590000.0
Meuse,2011,6.70013,78700.0,527300.0
Meuse,2012,5.95531,35800.0,213200.0
Meuse,2013,7.41191,82300.0,610000.0
Meuse,2014,7.5,69400.0,520500.0
Meuse,2015,8.2,79520.0,652064.0
Meuse,2016,4.86,83800.0,407268.0
Meuse,2017,6.2,85500.0,530100.0
Meuse,2018,7.0,77000.0,539000.0
Morbihan,2003,6.5,49557.0,322120.5
Morbihan,2004,7.1,56327.0,399921.7
Morbihan,2005,7.0,55569.0,388983.0
Morbihan,2006,6.8,55011.0,374074.8
Morbihan,2008,7.0,58591.0,410137.0
Morbihan,2009,7.5,56276.0,422070.0
Morbihan,2010,6.7,55818.0,373980.6
Morbihan,2011,7.0,57070.0,399490.0
Morbihan,2012,6.9,58110.0,400959.0
Morbihan,2013,7.5,57100.0,428250.0
Morbihan,2014,7.6,60908.0,462900.8
Morbihan,2015,7.9,62000.0,489800.0
Morbihan,2016,6.8,63200.0,429760.0
Morbihan,2017,7.71,62500.0,481875.0
Morbihan,2018,6.9,62150.0,428835.0
Moselle,2003,5.29985,66700.0,353500.0
Moselle,2004,7.73556,65800.0,509000.0
Moselle,2005,7.0,65200.0,456400.0
Moselle,2006,6.9,65950.0,455055.0
Moselle,2007,5.9,67000.0,395300.0
Moselle,2008,7.0,74150.0,519050.0
Moselle,2009,7.3,71600.0,522680.0
Moselle,2010,7.10067,74500.0,529000.0
Moselle,2011,6.19945,73200.0,453800.0
Moselle,2012,6.04697,51100.0,309000.0
Moselle,2013,7.03752,77300.0,544000.0
Moselle,2014,6.4,58200.0,372480.0
Moselle,2015,7.4,74100.0,548340.0
Moselle,2017,6.0,77850.0,467100.0
Moselle,2018,6.6,66200.0,436920.0
Nievre,2004,7.3,47900.0,349670.0
Nievre,2005,6.3,46400.0,292320.0
Nievre,2006,5.8,46000.0,266800.0
Nievre,2007,5.3,45200.0,239560.0
Nievre,2008,6.0,47000.0,282000.0
Nievre,2009,7.1,43800.0,310980.0
Nievre,2010,6.4,47600.0,304640.0
Nievre,2011,6.0,46700.0,280200.0
Nievre,2012,6.5,45700.0,297050.0
Nievre,2013,6.5,48100.0,312650.0
Nievre,2014,6.5,45600.0,296400.0
Nievre,2015,7.1,47500.0,337250.0
Nievre,2017,6.96,46900.0,326424.0
Nievre,2018,6.3,46300.0,291690.0
Nord,2003,8.6,101875.0,876125.0
Nord,2004,9.2,108323.0,996571.6
Nord,2005,8.4,110974.0,932181.6
Nord,2006,8.0,109183.0,873464.0
Nord,2007,7.2,109537.0,788666.4
Nord,2008,8.7,117766.0,1024564.2
Nord,2010,8.8,115628.0,1017526.4
Nord,2011,9.1,119180.0,1084538.0
Nord,2012,7.9,121385.0,958941.5
Nord,2013,9.2,112304.0,1033196.8
Nord,2014,8.8,117133.0,1030770.4
Nord,2017,9.0,114500.0,1030500.0
Nord,2018,8.8,114690.0,1009272.0
Oise,2003,7.7,153031.0,1178338.7
Oise,2004,9.2,157242.0,1446626.4
Oise,2005,8.0,157553.0,1260424.0
Oise,2006,8.1,155393.0,1258683.3
Oise,2007,7.7,155773.0,1199452.1
Oise,2008,9.0,163454.0,1471086.0
Oise,2009,9.1,156263.0,1421993.3
Oise,2010,8.2,154102.0,1263636.4
Oise,2011,7.0,162524.0,1137668.0
Oise,2012,8.24,162909.0,1342370.2
Oise,2013,8.84004,162430.0,1435888.2
Oise,2014,8.7,163500.0,1422450.0
Oise,2015,9.3,164200.0,1527060.0
Oise,2017,8.3,156700.0,1300610.0
Oise,2018,8.1,155000.0,1255500.0
Orne,2003,6.7,77525.0,519417.5
Orne,2004,7.9,80635.0,637016.5
Orne,2005,7.3,82345.0,601118.5
Orne,2006,7.0,80352.0,562464.0
Orne,2007,6.1,80861.0,493252.1
Orne,2008,7.5,85474.0,641055.0
Orne,2009,7.5,82881.0,621607.5
Orne,2010,7.2,83090.0,598248.0
Orne,2011,7.2,84090.0,605448.0
Orne,2012,7.1,85000.0,603500.0
Orne,2013,7.28,78200.0,569296.0
Orne,2014,7.1,88500.0,628350.0
Orne,2015,8.0,86270.0,690160.0
Orne,2017,7.5,81250.0,609375.0
Orne,2018,6.6,81480.0,537768.0
Pas_de_Calais,2003,9.0,150562.0,1355058.0
Pas_de_Calais,2005,8.4,160496.0,1348166.4
Pas_de_Calais,2006,8.2,157875.0,1294575.0
Pas_de_Calais,2007,7.3,160776.0,1173664.8
Pas_de_Calais,2008,9.2,172611.0,1588021.2
Pas_de_Calais,2010,8.8,168283.0,1480890.4
Pas_de_Calais,2011,9.2,177370.0,1631804.0
Pas_de_Calais,2012,7.9,178790.0,1412441.0
Pas_de_Calais,2013,8.9,166674.0,1483398.6
Pas_de_Calais,2014,8.8,177240.0,1559712.0
Pas_de_Calais,2017,9.2,169500.0,1559400.0
Pas_de_Calais,2018,8.9,169510.0,1508639.0
Puy_de_Dome,2004,6.9,44800.0,309120.0
Puy_de_Dome,2005,6.0,45000.0,270000.0
Puy_de_Dome,2006,6.1,44600.0,272060.0
Puy_de_Dome,2007,5.6,43000.0,240800.0
Puy_de_Dome,2008,5.6,45000.0,252000.0
Puy_de_Dome,2009,6.8,43200.0,293760.0
Puy_de_Dome,2010,6.6,45200.0,298320.0
Puy_de_Dome,2011,5.8,44900.0,260420.0
Puy_de_Dome,2012,6.6,45200.0,298320.0
Puy_de_Dome,2013,7.1,45600.0,323760.0
Puy_de_Dome,2014,6.6,44600.0,294360.0
Puy_de_Dome,2015,6.1,44600.0,272060.0
Puy_de_Dome,2016,6.0,46300.0,277800.0
Puy_de_Dome,2017,6.1,44000.0,268400.0
Puy_de_Dome,2018,6.0,42300.0,253800.0
Pyrenees_Atlantiques,2003,4.8,1293.0,6206.4
Pyrenees_Atlantiques,2004,5.5,2483.0,13656.5
Pyrenees_Atlantiques,2005,5.3,3172.0,16811.6
Pyrenees_Atlantiques,2006,5.4,4948.0,26719.2
Pyrenees_Atlantiques,2007,4.8,5137.0,24657.6
Pyrenees_Atlantiques,2008,5.2,4438.0,23077.6
Pyrenees_Atlantiques,2009,4.2,1871.0,7858.2
Pyrenees_Atlantiques,2010,5.8,3587.0,20804.6
Pyrenees_Atlantiques,2011,5.8,3800.0,22040.0
Pyrenees_Atlantiques,2012,6.8,4100.0,27880.0
Pyrenees_Atlantiques,2013,5.0,4650.0,23250.0
Pyrenees_Atlantiques,2014,5.2,3850.0,20020.0
Pyrenees_Atlantiques,2015,5.8,4027.0,23356.6
Pyrenees_Atlantiques,2016,5.5,5800.0,31900.0
Pyrenees_Atlantiques,2017,6.2,5250.0,32550.0
Pyrenees_Atlantiques,2018,4.5,5350.0,24075.0
Pyrenees_Orientales,2003,2.5,300.0,750.0
Pyrenees_Orientales,2004,3.0,300.0,900.0
Pyrenees_Orientales,2005,2.0,300.0,600.0
Pyrenees_Orientales,2006,2.5,300.0,750.0
Pyrenees_Orientales,2007,2.1,150.0,315.0
Pyrenees_Orientales,2008,2.8,180.0,504.0
Pyrenees_Orientales,2009,2.8,130.0,364.0
Pyrenees_Orientales,2010,2.78571,140.0,390.0
Pyrenees_Orientales,2011,3.0,100.0,300.0
Pyrenees_Orientales,2012,3.0,150.0,450.0
Pyrenees_Orientales,2013,4.0,180.0,720.0
Pyrenees_Orientales,2014,2.9,250.0,725.0
Pyrenees_Orientales,2015,3.0,245.0,735.0
Pyrenees_Orientales,2016,2.8,155.0,434.0
Pyrenees_Orientales,2017,4.3,165.0,709.5
Pyrenees_Orientales,2018,3.5,145.0,507.5
Rhone,2003,4.5,9928.0,44676.0
Rhone,2004,5.5,10201.0,56105.5
Rhone,2005,5.4,10473.0,56554.2
Rhone,2006,5.5,10349.0,56919.5
Rhone,2007,5.5,10029.0,55159.5
Rhone,2008,6.0,10691.0,64146.0
Rhone,2009,5.5,8669.0,47679.5
Rhone,2010,6.0,10444.0,62664.0
Rhone,2011,5.5,10000.0,55000.0
Rhone,2012,6.1,10770.0,65697.0
Rhone,2013,6.0,10595.0,63570.0
Rhone,2014,5.6,9870.0,55272.0
Rhone,2015,5.6,10200.0,57120.0
Rhone,2016,6.0,10800.0,64800.0
Rhone,2018,6.2,9925.0,61535.0
Saone_et_Loire,2003,5.5,32200.0,177100.0
Saone_et_Loire,2004,7.4,35900.0,265660.0
Saone_et_Loire,2005,6.8,31400.0,213520.0
Saone_et_Loire,2006,7.0,37000.0,259000.0
Saone_et_Loire,2007,6.7,36400.0,243880.0
Saone_et_Loire,2008,6.4,38100.0,243840.0
Saone_et_Loire,2009,7.3,32900.0,240170.0
Saone_et_Loire,2010,6.5,39300.0,255450.0
Saone_et_Loire,2011,6.3,37100.0,233730.0
Saone_et_Loire,2012,6.7,36400.0,243880.0
Saone_et_Loire,2013,6.2,36500.0,226300.0
Saone_et_Loire,2014,6.4,33600.0,215040.0
Saone_et_Loire,2015,7.2,38700.0,278640.0
Saone_et_Loire,2017,7.63,38300.0,292229.0
Saone_et_Loire,2018,6.4,38600.0,247040.0
Sarthe,2003,6.0,76000.0,456000.0
Sarthe,2004,7.5,84000.0,630000.0
Sarthe,2005,7.1,82200.0,583620.0
Sarthe,2006,6.6,82700.0,545820.0
Sarthe,2007,6.4,81300.0,520320.0
Sarthe,2008,7.2,85480.0,615456.0
Sarthe,2009,7.6,82000.0,623200.0
Sarthe,2010,7.0,85858.0,601006.0
Sarthe,2011,6.4,86000.0,550400.0
Sarthe,2012,7.4,87235.0,645539.0
Sarthe,2013,7.0,75525.0,528675.0
Sarthe,2014,7.4,90016.0,666118.4
Sarthe,2015,8.0,90706.0,725648.0
Sarthe,2017,7.4,88521.0,655055.4
Sarthe,2018,6.4,88571.0,566854.4
Savoie,2003,5.0,900.0,4500.0
Savoie,2004,6.5,1200.0,7800.0
Savoie,2005,6.2,1249.0,7743.8
Savoie,2006,6.2,1099.0,6813.8
Savoie,2007,5.5,999.0,5494.5
Savoie,2008,5.8,1049.0,6084.2
Savoie,2009,5.7,749.0,4269.3
Savoie,2010,6.0,1154.0,6924.0
Savoie,2011,5.5,910.0,5005.0
Savoie,2012,6.5,1000.0,6500.0
Savoie,2013,6.5,1000.0,6500.0
Savoie,2014,6.0,705.0,4230.0
Savoie,2015,6.0,810.0,4860.0
Savoie,2016,6.0,1020.0,6120.0
Savoie,2017,6.37,930.0,5924.1
Savoie,2018,6.3,930.0,5859.0
Seine_et_Marne,2003,6.9,136316.0,940580.4
Seine_et_Marne,2004,9.0,141446.0,1273014.0
Seine_et_Marne,2005,8.0,143677.0,1149416.0
Seine_et_Marne,2006,7.6,139624.0,1061142.4
Seine_et_Marne,2007,7.8,139362.0,1087023.6
Seine_et_Marne,2008,8.2,141391.0,1159406.2
Seine_et_Marne,2009,8.9,137737.0,1225859.3
Seine_et_Marne,2010,8.3,135199.0,1122151.7
Seine_et_Marne,2011,8.0,142512.0,1140096.0
Seine_et_Marne,2012,8.1,137830.0,1116423.0
Seine_et_Marne,2013,8.4,140610.0,1181124.0
Seine_et_Marne,2014,8.8,139130.0,1224344.0
Seine_et_Marne,2015,8.9,141500.0,1259350.0
Seine_et_Marne,2017,8.1,135925.0,1100992.5
Seine_et_Marne,2018,7.7,130925.0,1008122.5
Seine_Maritime,2003,8.4,91621.0,769616.4
Seine_Maritime,2005,8.1,98216.0,795549.6
Seine_Maritime,2006,8.1,97758.0,791839.8
Seine_Maritime,2007,7.3,99807.0,728591.1
Seine_Maritime,2009,9.1,103922.0,945690.2
Seine_Maritime,2010,9.2,107168.0,985945.6
Seine_Maritime,2011,9.3,112511.0,1046352.3
Seine_Maritime,2012,8.7,113992.0,991730.4
Seine_Maritime,2013,8.9,113700.0,1011930.0
Seine_Maritime,2014,8.3,115600.0,959480.0
Seine_Maritime,2018,8.6,114080.0,981088.0
Seine_Saint_Denis,2003,7.4,450.0,3330.0
Seine_Saint_Denis,2004,8.7,385.0,3349.5
Seine_Saint_Denis,2005,8.2,344.0,2820.8
Seine_Saint_Denis,2006,8.0,430.0,3440.0
Seine_Saint_Denis,2007,7.6,400.0,3040.0
Seine_Saint_Denis,2008,8.3,350.0,2905.0
Seine_Saint_Denis,2009,8.9,373.0,3319.7
Seine_Saint_Denis,2010,8.5,344.0,2924.0
Seine_Saint_Denis,2011,7.4,414.0,3063.6
Seine_Saint_Denis,2012,8.2,353.0,2894.6
Seine_Saint_Denis,2013,8.5,381.0,3238.5
Seine_Saint_Denis,2014,8.3,310.0,2573.0
Seine_Saint_Denis,2015,9.1,320.0,2912.0
Seine_Saint_Denis,2017,8.2,335.0,2747.0
Seine_Saint_Denis,2018,7.7,355.0,2733.5
Somme,2003,8.5,174043.0,1479365.5
Somme,2004,9.1,182960.0,1664936.0
Somme,2005,8.2,185176.0,1518443.2
Somme,2006,8.1,182150.0,1475415.0
Somme,2007,7.5,184346.0,1382595.0
Somme,2010,8.6,188415.0,1620369.0
Somme,2011,8.4,196735.0,1652574.0
Somme,2012,8.5086,197748.0,1682558.0
Somme,2013,9.3,196951.0,1831644.3
Somme,2014,9.1,199492.0,1810900.0
Somme,2017,8.8,191400.0,1684320.0
Somme,2018,8.4,189250.0,1589700.0
Tarn,2003,4.0,33519.0,134076.0
Tarn,2004,5.3,39030.0,206859.0
Tarn,2005,5.6,37035.0,207396.0
Tarn,2006,5.3,36542.0,193672.6
Tarn,2007,4.6,35147.0,161676.2
Tarn,2008,5.6,40261.0,225461.6
Tarn,2009,4.5,33022.0,148599.0
Tarn,2010,5.5,37200.0,204600.0
Tarn,2011,4.60006,38025.0,174917.1
Tarn,2012,6.0,38993.0,233958.0
Tarn,2013,5.5,41786.0,229823.0
Tarn,2014,5.2,44650.0,232180.0
Tarn,2015,5.4,44820.0,242028.0
Tarn,2016,5.3,41190.0,218307.0
Tarn,2017,5.7,38500.0,219450.0
Tarn,2018,4.6,38890.0,178894.0
Tarn_et_Garonne,2003,4.4,22683.0,99805.2
Tarn_et_Garonne,2004,6.0,35764.0,214584.0
Tarn_et_Garonne,2005,5.9,32559.0,192098.1
Tarn_et_Garonne,2006,5.8,35646.0,206746.8
Tarn_et_Garonne,2007,4.5,36056.0,162252.0
Tarn_et_Garonne,2008,5.7,38073.0,217016.1
Tarn_et_Garonne,2009,4.9,30770.0,150773.0
Tarn_et_Garonne,2010,6.1,38900.0,237290.0
Tarn_et_Garonne,2011,4.59996,37507.0,172530.7
Tarn_et_Garonne,2012,6.1,42305.0,258060.5
Tarn_et_Garonne,2013,5.4,43928.0,237211.2
Tarn_et_Garonne,2014,4.9,42000.0,205800.0
Tarn_et_Garonne,2015,5.6,45250.0,253400.0
Tarn_et_Garonne,2016,5.5,44100.0,242550.0
Tarn_et_Garonne,2017,5.7,41450.0,236265.0
Tarn_et_Garonne,2018,4.9,40700.0,199430.0
Territoire_de_Belfort,2003,5.0,2199.0,10995.0
Territoire_de_Belfort,2004,7.8,2559.0,19960.2
Territoire_de_Belfort,2005,6.7,2567.0,17198.9
Territoire_de_Belfort,2006,6.7,2757.0,18471.9
Territoire_de_Belfort,2007,5.9,2724.0,16071.6
Territoire_de_Belfort,2008,6.2,2865.0,17763.0
Territoire_de_Belfort,2009,6.9,2668.0,18409.2
Territoire_de_Belfort,2010,6.8,2830.0,19244.0
Territoire_de_Belfort,2011,7.2,2765.0,19908.0
Territoire_de_Belfort,2012,6.1,2400.0,14640.0
Territoire_de_Belfort,2013,6.5,2435.0,15827.5
Territoire_de_Belfort,2014,7.4,2670.0,19758.0
Territoire_de_Belfort,2015,6.8,2845.0,19346.0
Territoire_de_Belfort,2016,5.0,3029.0,15145.0
Territoire_de_Belfort,2017,8.04,2905.0,23356.2
Territoire_de_Belfort,2018,6.5,2800.0,18200.0
Val_d_Oise,2003,6.8,24878.0,169170.4
Val_d_Oise,2004,8.4,25248.0,212083.2
Val_d_Oise,2005,8.0,26088.0,208704.0
Val_d_Oise,2006,7.5,25402.0,190515.0
Val_d_Oise,2007,7.6,24766.0,188221.6
Val_d_Oise,2008,8.3,25839.0,214463.7
Val_d_Oise,2009,8.9,25030.0,222767.0
Val_d_Oise,2010,8.5,24087.0,204739.5
Val_d_Oise,2011,7.4,25669.0,189950.6
Val_d_Oise,2012,8.2,25675.0,210535.0
Val_d_Oise,2013,8.5,24560.0,208760.0
Val_d_Oise,2014,8.3,25480.0,211484.0
Val_d_Oise,2015,9.1,25205.0,229365.5
Val_d_Oise,2017,8.2,24270.0,199014.0
Val_d_Oise,2018,7.7,23015.0,177215.5
Val_de_Marne,2004,7.4,429.0,3174.6
Val_de_Marne,2005,8.2,406.0,3329.2
Val_de_Marne,2006,8.0,420.0,3360.0
Val_de_Marne,2007,7.6,405.0,3078.0
Val_de_Marne,2008,8.3,429.0,3560.7
Val_de_Marne,2009,8.3,463.0,3842.9
Val_de_Marne,2010,7.6,470.0,3572.0
Val_de_Marne,2011,6.7,497.0,3329.9
Val_de_Marne,2012,8.2,445.0,3649.0
Val_de_Marne,2013,8.3,533.0,4423.9
Val_de_Marne,2014,8.5,535.0,4547.5
Val_de_Marne,2015,8.3,480.0,3984.0
Val_de_Marne,2017,7.5,430.0,3225.0
Val_de_Marne,2018,7.5,390.0,2925.0
Var,2003,3.0,376.0,1128.0
Var,2004,4.0,308.0,1232.0
Var,2005,4.0,305.0,1220.0
Var,2006,3.0,347.0,1041.0
Var,2007,3.5,231.0,808.5
Var,2008,4.1,236.0,967.6
Var,2009,3.8,196.0,744.8
Var,2010,3.8,225.0,855.0
Var,2011,3.6,171.0,615.6
Var,2012,3.8,253.0,961.4
Var,2013,3.8,249.0,946.2
Var,2014,4.1,380.0,1558.0
Var,2015,3.5,308.0,1078.0
Var,2016,4.1,407.0,1668.7
Var,2017,3.69,308.0,1136.52
Var,2018,3.39,264.0,894.96
Vaucluse,2003,2.7,1012.0,2732.4
Vaucluse,2004,4.1,805.0,3300.5
Vaucluse,2005,3.9,688.0,2683.2
Vaucluse,2006,2.9,845.0,2450.5
Vaucluse,2007,4.1,1166.0,4780.6
Vaucluse,2008,4.5,1513.0,6808.5
Vaucluse,2009,4.0,1489.0,5956.0
Vaucluse,2010,4.0,1495.0,5980.0
Vaucluse,2011,3.8,1621.0,6159.8
Vaucluse,2012,4.1,1627.0,6670.7
Vaucluse,2013,4.3,2410.0,10363.0
Vaucluse,2014,3.6,2932.0,10555.2
Vaucluse,2015,3.6,2576.0,9273.6
Vaucluse,2016,4.0,2338.0,9352.0
Vaucluse,2017,2.9,1852.0,5370.8
Vaucluse,2018,2.95,1905.0,5619.75
Vendee,2003,6.3,69000.0,434700.0
Vendee,2004,6.7,76000.0,509200.0
Vendee,2005,6.8,76000.0,516800.0
Vendee,2006,6.4,71400.0,456960.0
Vendee,2007,5.1,70900.0,361590.0
Vendee,2008,6.6,79400.0,524040.0
Vendee,2009,7.5,70400.0,528000.0
Vendee,2010,6.5,70133.0,455864.5
Vendee,2011,6.1,78000.0,475800.0
Vendee,2012,7.6,76223.0,579294.8
Vendee,2013,6.7,69525.0,465817.5
Vendee,2014,7.1,82503.0,585771.3
Vendee,2015,7.2,83696.0,602611.2
Vendee,2016,6.2,82290.0,510198.0
Vendee,2017,7.1,80998.0,575085.8
Vendee,2018,5.7,79743.0,454535.1
Vienne,2003,5.8,119723.0,694393.4
Vienne,2004,6.4,130733.0,836691.2
Vienne,2005,6.6,133742.0,882697.2
Vienne,2006,6.1,131250.0,800625.0
Vienne,2007,6.0,124005.0,744030.0
Vienne,2008,6.6,135599.0,894953.4
Vienne,2009,6.7,125211.0,838913.7
Vienne,2010,6.3,132484.0,834649.2
Vienne,2011,5.3,134800.0,714440.0
Vienne,2012,7.1,138300.0,981930.0
Vienne,2013,6.4,130800.0,837120.0
Vienne,2014,6.7,128400.0,860280.0
Vienne,2015,7.1,133960.0,951116.0
Vienne,2016,5.0,135570.0,677850.0
Vienne,2017,6.6,131485.0,867801.0
Vienne,2018,6.4,126140.0,807296.0
Vosges,2003,4.8,20000.0,96000.0
Vosges,2004,7.5,20000.0,150000.0
Vosges,2005,6.69697,19800.0,132600.0
Vosges,2006,6.0,21650.0,129900.0
Vosges,2007,5.2973,22200.0,117600.0
Vosges,2008,6.1,24600.0,150060.0
Vosges,2009,7.0,24300.0,170100.0
Vosges,2010,6.3,25900.0,163170.0
Vosges,2011,6.5,24000.0,156000.0
Vosges,2012,5.0,15000.0,75000.0
Vosges,2013,6.26506,24900.0,156000.0
Vosges,2014,5.9,21000.0,123900.0
Vosges,2015,7.2,25950.0,186840.0
Vosges,2017,6.2,25500.0,158100.0
Vosges,2018,6.25,25450.0,159062.5
Yonne,2004,7.7,136500.0,1051050.0
Yonne,2005,6.7,136500.0,914550.0
Yonne,2006,6.4,133000.0,851200.0
Yonne,2007,6.0,131000.0,786000.0
Yonne,2008,6.7,133200.0,892440.0
Yonne,2009,7.1,128400.0,911640.0
Yonne,2010,6.5,131100.0,852150.0
Yonne,2011,6.2,129800.0,804760.0
Yonne,2012,6.7,122900.0,823430.0
Yonne,2013,6.5,131400.0,854100.0
Yonne,2014,6.4,122900.0,786560.0
Yonne,2015,7.3,131000.0,956300.0
Yonne,2017,6.57,125450.0,824206.5
Yonne,2018,6.8,122900.0,835720.0
Yvelines,2004,8.0,39565.0,316520.0
Yvelines,2005,7.6,39401.0,299447.6
Yvelines,2006,7.2,38804.0,279388.8
Yvelines,2007,7.6,37330.0,283708.0
Yvelines,2008,8.2,38938.0,319291.6
Yvelines,2009,8.4,37033.0,311077.2
Yvelines,2010,7.6,36589.0,278076.4
Yvelines,2011,6.9,37893.0,261461.7
Yvelines,2012,8.1,38020.0,307962.0
Yvelines,2013,8.3,35600.0,295480.0
Yvelines,2014,8.3,38670.0,320961.0
Yvelines,2015,8.7,37345.0,324901.5
Yvelines,2017,8.0,34635.0,277080.0
Yvelines,2018,7.6,34150.0,259540.0
